HOLE_ID,FROM,TO,Al_pct,Ca_pct,Cu_ppm,Fe_pct,K_pct,Mg_pct,Mn_ppm,Na_pct,P_pct,Pb_ppm,S_pct,Ti_pct,Zn_ppm,Mo_ppm,As_ppm
DH-001,0,2,8.75,2.77,230.7,3.09,5.28,2.91,2113,2.69,0.266,452.9,6.03,0.109,346.3,230.3,503.3
DH-001,2,4,14.51,4.71,1953.3,9.48,3.64,0.96,1586.7,2.97,0.037,506.5,1.3,0.616,946,87.6,147.7
DH-001,4,6,12.32,1.99,320.2,6.85,0.67,2.33,985.4,2.17,0.487,554,3.72,0.558,866,15.6,121
DH-001,6,8,10.99,4.81,264.5,6.47,5.62,1.91,716.7,0.36,0.121,210.1,2.87,0.435,293.6,52.7,305.4
DH-001,8,10,6.56,4.54,265.3,5.61,4.29,1.21,196.2,1.73,0.159,17.9,0.84,0.504,108.2,105.8,462.4
DH-001,10,12,6.56,1.06,2072.1,3.08,4.22,0.7,981.4,0.32,0.159,581.5,3.94,0.659,914.5,56.5,41.9
DH-001,12,14,5.58,0.44,1363.1,2.59,1.69,0.45,1994.2,1.46,0.123,433.2,7.37,0.236,1150.3,2.1,348.2
DH-001,14,16,13.66,0.59,938.5,2.98,4.12,1.88,2821.1,1.45,0.011,670.5,0.42,0.708,794.6,228.9,75.9
DH-001,16,18,11.01,0.19,583.4,2.68,2.67,2.35,2626.5,0.28,0.367,658.9,2.4,0.976,355.6,211.3,26.7
DH-001,18,20,12.08,0.56,2566.6,8.02,4.08,1.97,2321.6,1.25,0.484,676.2,1.74,0.924,1006.5,186.1,36.4
DH-001,20,22,5.21,3.45,648,4.15,1.09,1.64,2386.5,0.43,0.12,393.2,1.98,0.227,138.6,43.6,501.3
DH-001,22,24,14.7,0.45,2085.3,1.52,4.12,0.22,2028.5,2.84,0.335,273.6,7.28,0.222,673.9,31.9,75.2
DH-001,24,26,13.32,1.66,743.9,9.72,6,2.91,854.8,3.32,0.374,635.3,3.8,0.358,261.8,18.8,31.9
DH-001,26,28,7.12,4.24,617.7,8.95,0.77,2.42,2730.9,0.3,0.426,366.5,3.78,0.465,293,181.6,265.6
DH-001,28,30,6.82,0.21,795.4,9.35,5.87,0.95,2045.1,3.35,0.217,154.9,6.11,0.52,319.4,232.3,507.2
DH-001,30,32,6.83,4.09,480.4,9.95,2.74,2.94,1725.3,1.85,0.158,685.4,1.32,0.832,592.3,108.8,161.1
DH-001,32,34,8.04,1.48,1702.1,2.57,5.29,1.85,421.9,1.08,0.169,707.2,3.95,0.115,95.7,31.5,255.9
DH-001,34,36,10.25,0.68,888.3,4.57,4.8,1.79,1396.5,0.32,0.359,378.4,3.5,0.09,608.7,129.1,28.8
DH-001,36,38,9.32,3.51,367.1,7.82,3.62,2.27,1435,1.78,0.41,69.8,4.82,0.501,777.3,88.5,272.2
DH-001,38,40,7.91,3.18,2808,7.26,4.56,2.45,2607.2,2.79,0.099,316.4,8,0.852,735.3,95,348.7
DH-001,40,42,11.12,4.4,631.2,2.39,5.33,2,1685.3,2.49,0.192,644.8,6.18,0.272,586.5,156.1,344.7
DH-001,42,44,6.39,3.7,991.1,8.34,2.72,0.47,1203.2,0.22,0.452,722.4,3.24,0.788,1261.9,180.2,202.8
DH-001,44,46,7.92,4.04,2893.4,3.02,2.3,1.08,2932.7,0.3,0.405,170.7,6.64,0.349,235.1,29.4,192.7
DH-001,46,48,8.66,1.48,1224.6,3.01,4.17,2.79,421.1,1.44,0.493,62.9,1.45,1.069,768.4,10.8,68.4
DH-001,48,50,9.56,0.97,199.2,5.83,4.94,0.75,1325.4,1.07,0.38,703.1,0.34,1.08,111.8,248.6,223.2
DH-001,50,52,12.85,3.78,3422.7,6.34,4.69,1.18,221.9,0.85,0.203,317.6,1.72,0.392,125.3,59.7,64.2
DH-001,52,54,7,4.05,1235.7,6.22,4.89,1.35,2245.7,1.02,0.299,438,2.79,0.314,869.3,15.3,461.1
DH-001,54,56,10.14,4.95,539.4,1.82,2.9,1.37,2762.4,2.82,0.334,774.8,4.13,0.523,857.7,49.1,579.9
DH-001,56,58,10.92,2.12,230,8.9,5,1.88,912.1,3.26,0.048,62.6,4.96,0.327,1319.5,11.7,582.2
DH-001,58,60,5.46,1.92,1946,3.39,1.16,2.83,2589.2,1.45,0.277,522.2,7.29,0.823,845.7,99.2,519.7
DH-001,60,62,11.08,3.9,1211.3,2.17,3.49,0.8,947.4,3.18,0.358,68.5,4.13,1,1440.5,201,362.5
DH-001,62,64,6.71,1.77,964.9,9,0.53,0.45,2741.2,1.16,0.092,306.6,4.06,0.824,92.1,86.6,422
DH-001,64,66,5.65,4.66,2742,9.6,2.29,0.67,2286.5,1.69,0.393,645,0.5,0.998,165.1,112.2,174.7
DH-002,0,2,14.49,4.31,1914.8,8.76,2.52,2.67,2434.2,0.83,0.296,352.4,0.38,0.507,85.2,169.5,380.3
DH-002,2,4,14.66,2.2,247.4,8.29,2.68,1.97,152.2,2.26,0.477,797.8,4.45,0.23,294.2,128.2,276.1
DH-002,4,6,13.08,3.78,498.3,6.9,4.33,0.93,2892.2,3.43,0.031,451.7,3.56,0.899,821.1,215.6,291.8
DH-002,6,8,8.05,3.8,392.8,5.96,2.64,2.47,2207.3,2.13,0.14,263.7,6.73,0.465,975.4,216.8,455.9
DH-002,8,10,5.98,0.61,1684.8,1.78,2.97,2.6,983.8,1.28,0.305,183.9,1.37,0.822,87.5,4.5,172.7
DH-002,10,12,11.84,4.52,90.9,4.68,1.81,2.55,2505.2,2.28,0.155,286.9,0.3,0.361,1420,195,194.2
DH-002,12,14,9.4,2.58,1062.5,4.35,2.55,2.76,916.4,0.47,0.36,304.3,3.65,0.143,1266.4,116.3,555.2
DH-002,14,16,6.22,4.15,1774.9,3.34,1.75,0.83,2631,3.12,0.382,64.3,1.98,1.191,459,247.2,38.5
DH-002,16,18,9.95,1.67,2562.4,7.51,0.9,2.29,426.5,1.79,0.06,302,0.49,0.23,134.2,121.8,294
DH-002,18,20,5.34,4.49,552.4,5.46,3.82,1.44,2140.7,1.6,0.262,376.7,5.82,1.187,271.4,246.8,548.1
DH-002,20,22,14.09,2.01,2116.2,1.73,4.18,2.54,1668,2.07,0.259,581,0.98,1.174,207.9,189.1,368.2
DH-002,22,24,7.59,0.15,190.7,2.98,3.91,2.21,379.9,2.21,0.191,528.8,4.91,0.963,202.5,63.7,330.1
DH-002,24,26,11.63,4.54,2298.5,7.15,3.05,2.35,801.5,0.3,0.467,569.9,2.32,0.808,787.5,135.5,153.6
DH-002,26,28,8.12,0.55,213.7,1.69,2.59,2,136,2.41,0.415,16.6,1.47,0.714,383.9,248,209.2
DH-002,28,30,10.2,1.66,657.6,8.66,5.25,0.61,1459.4,0.88,0.352,182,3.1,1.046,550,214.7,512
DH-002,30,32,10.47,4.76,1965.2,5.46,3.35,1.68,973.7,2.51,0.36,532.7,6.43,0.383,1484.5,26.1,337.7
DH-002,32,34,6.85,4.76,244.9,5.33,3.14,2.96,1835.2,2.89,0.236,392.4,3.2,0.588,1032.8,177.2,311.3
DH-002,34,36,14.7,2.91,362.5,6.33,0.64,2.82,962,2.82,0.461,14.2,6.03,0.762,1424.5,87.7,64.2
DH-002,36,38,12.75,3.2,1587.3,8.42,2.38,0.23,969.8,1.96,0.35,645.6,1.09,0.523,231,3.7,14.5
DH-002,38,40,14.39,2.3,1577.7,4.13,2.59,0.58,2255.3,1.84,0.367,620.5,6.2,0.542,585.6,102.1,578.4
DH-002,40,42,13.95,1.54,1279.8,7.1,2.69,0.48,239.6,0.54,0.432,443.3,1.97,0.43,841,60.2,229.3
DH-002,42,44,10.98,1.71,1470.8,6.09,3.69,2.21,2718.4,2.72,0.144,62.5,5.45,0.699,133.6,205.1,363.9
DH-002,44,46,14.22,3.4,989,3.4,3.43,2.47,2571.6,0.99,0.405,615.5,4.57,1.028,26.2,85.7,52.4
DH-002,46,48,5.88,3.79,398.1,8.91,3.84,0.72,2036.6,1.76,0.106,471.1,7.44,0.282,1012.2,207.2,411.5
DH-002,48,50,6.96,3.98,559,8.18,4.71,1.57,1820.3,1.03,0.179,627.7,3.16,1.125,969.9,2.1,559.9
DH-002,50,52,5.45,3.97,290.5,6.93,4.97,2.54,2687.7,0.51,0.174,603.9,0.62,0.842,628,78.3,347.5
DH-002,52,54,8.25,0.55,2919.1,8.66,4.45,2.23,637.5,2.22,0.489,644.4,0.25,0.997,744.7,61.8,80
DH-002,54,56,8.89,2.52,1100.7,8.81,5.76,1.67,329,0.24,0.43,419.2,6.63,0.69,634.9,59.9,351.1
DH-002,56,58,7.71,0.38,664.7,7.38,0.6,1.81,794.6,2.63,0.354,120.9,4.25,0.946,55.5,18.9,461
DH-002,58,60,13.29,2.79,793.9,8.53,1.58,1.57,2404.3,1.15,0.366,540.2,6.22,0.069,516.3,48.4,246.8
DH-002,60,62,8.57,2.26,3581.4,7.28,0.54,0.96,200.5,0.05,0.285,500.2,1.95,0.991,282.1,139.8,528.5
DH-002,62,64,7.81,4.45,249.8,7.12,4.06,1.74,1790.1,1.81,0.474,596.4,2.83,0.096,165.7,74.3,391
DH-002,64,66,10.43,1.82,1108.9,6.57,5.44,2.1,2986.8,0.21,0.253,144.2,0.34,1.073,1435.9,105.5,540.1
DH-003,0,2,6.41,0.67,896,7.77,1.84,2.63,2581.5,1,0.196,164,7.7,1.191,907.1,95.5,376
DH-003,2,4,13.02,0.8,1184.4,2.43,5.6,1.95,1612.2,2.49,0.09,713.4,5.38,0.388,1098.4,219.2,83.1
DH-003,4,6,5.75,3.83,71.9,8.93,0.83,2.31,284.6,0.27,0.395,602.5,7.47,0.292,486.7,226.5,189.3
DH-003,6,8,14.87,3.13,2518,8.85,5.64,0.56,2511,2.95,0.37,727.5,2.2,0.93,601.9,124.3,125.1
DH-003,8,10,12.72,0.6,3278,1.26,2.43,1.44,1837,0.06,0.198,609.4,4.93,0.341,370.6,83.9,545.8
DH-003,10,12,6.99,0.51,1049.3,8.43,1.06,0.13,433.3,0.9,0.022,481.8,5.46,1.045,163.5,28.5,457.4
DH-003,12,14,5.06,3.53,1481.4,2.16,3.17,0.82,372.2,2.61,0.421,526.8,2.61,0.168,285,238.4,407.5
DH-003,14,16,13.15,0.46,3119,4.02,1.91,2.21,2737.9,1.14,0.016,712.4,6.8,0.195,1200.3,16.9,184.1
DH-003,16,18,12.07,4.13,1524.1,7.69,2.07,2.98,2040.7,0.4,0.355,467.3,7.58,1.176,1022.8,75.8,114.5
DH-003,18,20,12.29,3.56,248.6,2.45,2.19,0.39,2504.9,1.29,0.485,509.6,7.09,0.825,829.5,75.9,455.1
DH-003,20,22,12.71,0.5,1080.4,8.36,4.92,1.26,2649,0.98,0.224,133.6,5.94,1.024,723.1,81.5,287.1
DH-003,22,24,5.74,0.52,1169.9,8.49,3.47,2.42,1758.1,2.96,0.125,384.4,2.29,0.423,1385.2,42.7,139.3
DH-003,24,26,8.58,4.93,712.2,5.57,2.21,0.69,1600.6,1.13,0.355,576,2.32,0.828,127.6,196.2,371.9
DH-003,26,28,6.16,1.93,1650.2,1.06,3.86,1.71,1348.2,2.77,0.41,224,7.71,0.733,435.3,32.4,29
DH-003,28,30,13.63,1.92,3318.4,3.58,4.44,2.23,1019.1,3.13,0.278,169.8,0.18,0.744,537.9,159.5,199.1
DH-003,30,32,11.23,4.08,3167.5,6.55,2,1.89,1360.3,1.55,0.484,257.9,5.76,0.835,1178,32.7,283.8
DH-003,32,34,8.31,4.74,769.2,9.83,2.77,0.65,2344.3,3.19,0.035,200.8,5.68,0.712,1488.9,19.5,93
DH-003,34,36,5.64,4.93,194.2,6.69,1.17,1.13,1845.6,1.35,0.257,179.8,5.02,0.543,376.2,227.5,590.9
DH-003,36,38,8.11,3.79,5077,3.34,1.5,2.37,2688.3,3.38,0.362,345.6,7.92,0.367,1314,49.2,129.4
DH-003,38,40,8.25,1.94,2240.9,6.71,4.25,1.71,1385.8,0.36,0.433,727.2,2.56,0.934,1249.3,205.7,82.6
DH-003,40,42,12.3,0.51,209.8,5.86,1.5,0.12,1860.6,2.42,0.098,410.6,2.79,0.31,352.5,137.1,126.1
DH-003,42,44,11.38,3.91,3093.6,8.02,3.39,2.31,1930.8,1.75,0.402,158.5,0.72,0.846,611,21.3,462.6
DH-003,44,46,13.87,2.84,2497.3,1.96,4.4,0.2,1815.9,1.39,0.281,70.8,3.6,0.318,626.3,239,258.2
DH-003,46,48,9.72,2.18,927.9,7.85,1.09,2.26,2137.6,2.23,0.204,560,2.16,0.769,1467.8,63.2,341.4
DH-003,48,50,6.2,4.54,1123.7,5.87,3.62,0.69,788.6,2.48,0.075,312.4,2.81,0.909,287.7,215.2,17.5
DH-003,50,52,12.13,0.64,661,9.67,1.91,2.88,1585.9,0.07,0.434,659.2,6.69,0.302,1202.8,43.9,25.5
DH-003,52,54,12.61,2.51,117.6,4.08,5.8,1.17,402.3,0.63,0.087,531,7.49,0.119,514.6,213.8,270.3
DH-003,54,56,10.61,0.16,539.9,6.69,3.16,1.05,1215.1,2.51,0.162,639,1.57,0.201,1101.7,5.3,490.9
DH-003,56,58,12.71,2.4,1998.6,9.39,4.93,0.53,1514.2,2.35,0.152,224.8,3.04,0.747,641.6,128.9,531.7
DH-003,58,60,9.94,0.38,55.6,1.92,3.53,0.99,1991.5,3.38,0.437,557,7.44,1.027,876,192.8,56.6
DH-003,60,62,10.23,0.68,536.9,9.44,0.74,2.64,2856.5,2.68,0.34,218.6,0.59,0.102,1252.3,233.8,325.3
DH-003,62,64,9.28,0.68,659.3,7.19,3.98,2.99,1841.9,3.33,0.4,751.9,0.83,0.894,1210.2,227.5,548.4
DH-003,64,66,5.25,3.28,975.1,1.61,5.73,1.17,2256.4,2.47,0.133,512.7,1.39,0.443,1302.3,205.3,235.8
DH-004,0,2,6.08,3.76,3078.7,3.71,3.81,1.4,1568.2,1.08,0.316,266.4,4.8,0.6,108.2,222.3,498.6
DH-004,2,4,5.31,2.96,560.2,7.37,5.01,2.19,1938.9,0.41,0.29,222.9,1.29,1.118,1044.2,51.4,84.5
DH-004,4,6,11.36,4.81,561.3,1.61,5.36,2.67,305.7,2.75,0.418,160.8,7.75,0.432,227.2,72.5,561.6
DH-004,6,8,8.14,1.94,1655,6.24,1.75,1.82,837.7,2.27,0.454,558.8,3.63,0.585,635.4,73.7,452.1
DH-004,8,10,10.09,1.5,772.3,4.11,1.67,1.24,1149.4,0.22,0.016,182.8,4.06,0.066,831.9,95.5,565.1
DH-004,10,12,14.08,4.36,355.3,6.59,3.86,1.3,1470.2,1.29,0.34,480.3,2.05,0.144,616.1,99.5,407.6
DH-004,12,14,7.49,1.2,772.7,1.41,2.76,2.12,232.4,3.35,0.035,219.1,3.82,0.347,789,137,221.2
DH-004,14,16,9.1,4.82,232.2,8.84,5.12,0.11,506.1,1.78,0.279,533,5.33,0.082,1494.9,41.7,563.2
DH-004,16,18,12.56,0.16,282.9,9.76,5.45,1.9,902.8,1.54,0.151,653.8,6.03,0.776,220.1,173.4,169
DH-004,18,20,7.29,4.85,877.9,9.72,2.44,1.13,2917.4,1.63,0.16,624.6,6.06,0.54,1019.7,43.6,202.6
DH-004,20,22,5.77,0.31,701.5,7.75,1.8,2.4,1060.9,0.77,0.183,611.1,4.67,0.68,606.1,79,422
DH-004,22,24,7.9,4.47,3006,2.17,4.79,0.37,1497.9,1.32,0.314,158.3,7.24,0.251,216.9,126.8,460.4
DH-004,24,26,6.61,2.69,590,7.82,2.01,1.81,668.7,1.33,0.174,79.8,6.56,0.39,254.9,199.5,558
DH-004,26,28,14.3,4.97,1092.7,1.22,5.02,1.49,1871.3,0.23,0.369,562.2,6.08,0.813,1424.9,185.4,126.9
DH-004,28,30,13.08,0.46,1250.5,1.2,2.83,1.96,914,2.7,0.208,301,0.54,1.16,1321.8,162.1,479.8
DH-004,30,32,11.33,2.81,65.8,3.91,4.17,0.29,700.3,1.49,0.043,351.6,0.15,0.108,1362.4,40.6,444.4
DH-004,32,34,13.71,4.85,1357.1,5.4,1.03,1.78,1598.1,2.89,0.394,34.6,1.78,1.074,1487.5,137.7,43
DH-004,34,36,13.04,2.66,285.3,7.93,3.93,1.73,116,2.98,0.15,215.1,5.34,0.713,328.3,23.7,235.4
DH-004,36,38,6.87,3.18,3945.2,7.15,2.98,1.73,122.2,0.78,0.222,36.6,3.35,0.699,546.1,95.6,173.2
DH-004,38,40,13.93,3.51,243.1,5.01,3.73,1.85,735.3,2.32,0.346,704.6,3.28,0.625,1010.4,104.6,186.2
DH-004,40,42,10.39,2.33,692.6,3.46,1.42,2.06,206.5,1.68,0.173,202.3,7.09,0.13,736,11.9,589.9
DH-004,42,44,13.07,3.18,157.1,9.97,4.55,2.43,413.3,3.09,0.038,450.3,7.17,0.153,639.2,69.9,387.5
DH-004,44,46,13.96,2.96,6971.7,4.84,5.25,0.88,1082.7,0.79,0.193,40.8,7.28,0.741,549.6,239,432
DH-004,46,48,8.18,4.52,887.1,5.06,1.69,2.49,2427.5,2.39,0.473,536.8,2.58,0.442,898.8,238.5,586.1
DH-004,48,50,6.1,0.32,1135.8,2.47,1.03,1.54,1758.9,2.15,0.324,265.2,5.56,1.105,871.9,89.4,229.4
DH-004,50,52,7.28,1.48,133.3,8.15,0.63,0.32,1586.7,1.07,0.339,719.4,2.25,0.518,259,12.7,482.1
DH-004,52,54,9.27,4.76,1713.4,7.24,4.03,0.27,951.1,0.52,0.32,711.6,1.61,0.215,718.2,46.4,263.5
DH-004,54,56,13.18,4.46,332.7,2.99,3.84,1.07,2802.1,2.3,0.108,267,1.56,0.872,839.1,99.3,522.4
DH-004,56,58,13.61,2.33,2790,1.74,3.51,2.38,1251.3,2.6,0.215,721.8,2.8,0.387,864,237,112.5
DH-004,58,60,5.07,3.14,325.5,7.12,1.78,2.15,352.6,1.14,0.378,797,3.5,0.654,331,37,568.9
DH-004,60,62,10.11,1.46,303.9,6.89,2.65,2.39,1889.5,2.27,0.06,662.1,6.66,0.853,1118.6,191.4,135.2
DH-004,62,64,9.17,1.02,94.7,3.46,3.77,1.6,430.1,1.41,0.146,677.4,1.05,1.085,57.3,29,199.1
DH-004,64,66,7.22,2.37,816.5,9.56,3.23,1.38,1101.1,2.51,0.145,206.7,5.91,0.961,545.2,245.4,454.9
DH-005,0,2,6.2,1.83,1048.5,2.36,5.93,0.53,1571.5,0.74,0.222,465.6,4.3,0.828,1174.7,96.6,239.3
DH-005,2,4,8.38,2.96,131.6,4.89,1.25,1.05,2635.2,3.12,0.49,63.1,2.37,0.832,854.6,194.3,366.9
DH-005,4,6,14.43,0.48,1842.8,9.49,4.32,1.36,1531.3,1.04,0.043,85,3.99,1.138,406.5,87,269.5
DH-005,6,8,8.23,4.87,774.6,4.78,2.72,0.36,2136.6,1.32,0.264,799.1,2.47,0.39,1048.5,157.7,446.7
DH-005,8,10,10.19,4.93,941.8,6.75,2.86,0.74,2979.2,0.25,0.098,268,4.81,0.051,859.7,49.6,140.9
DH-005,10,12,12.03,3.52,747.4,4.58,4.45,1.83,481.3,0.43,0.486,601.1,3.53,0.363,1198.4,38.2,39.8
DH-005,12,14,8.64,2.73,664.5,3.47,4.31,2.23,896.7,1.83,0.066,647.3,1.4,0.301,1107.8,234.6,183.5
DH-005,14,16,14.72,1.62,1034.2,9.86,5.95,3,1244.3,0.97,0.208,687.8,1.02,0.811,923,229.6,287.2
DH-005,16,18,14.62,4.09,252.4,4.68,1.21,2.81,1323.3,2.93,0.372,798.1,4.42,0.779,742.5,222.1,105
DH-005,18,20,7.52,3.46,291,9.05,1.07,1.96,1292,0.1,0.355,200.8,7.23,0.732,217.1,157.1,216.1
DH-005,20,22,9.97,0.9,2424.7,3.07,4.48,1.32,2732.1,1.36,0.217,41.9,2.82,0.069,406.8,202.5,243
DH-005,22,24,8.01,4.56,3555.1,2.92,3.68,1.94,2170.7,1.21,0.18,334.8,5.89,0.888,640.3,19.1,39.1
DH-005,24,26,7.85,4.13,610.8,1.28,2.01,2.38,1862.9,0.12,0.205,112.8,5.3,0.422,907,85,352.1
DH-005,26,28,5.37,4.75,428.9,6.87,0.94,0.44,997.2,0.48,0.139,27.7,7.46,0.815,780.3,79.8,531.2
DH-005,28,30,11.1,3.66,1289.4,4.32,0.97,1.29,2489,1.48,0.111,294.7,6.59,0.69,446.5,159.6,95.3
DH-005,30,32,10.03,3.11,680.6,8.78,5.42,2.54,2869.7,1.75,0.247,629.2,4.58,0.444,29.6,90.3,360.7
DH-005,32,34,5.51,2.15,80.9,5.26,1.56,1.21,2481.5,1.44,0.142,457.3,5.29,0.205,754.4,38.8,400.5
DH-005,34,36,7.79,4.67,253.7,9.71,2.28,1.76,104.5,1.88,0.151,257.1,7.2,0.159,442.7,149.9,254.5
DH-005,36,38,14.08,4.34,1560.4,2.67,1.75,1.8,1945.6,2.1,0.332,526.9,3.26,1.006,1107.2,204,422.2
DH-005,38,40,7.4,0.32,1340.8,8.82,2.45,0.63,248.3,0.08,0.485,193.3,2.68,1.106,55.4,96.8,249.4
DH-005,40,42,6.45,0.23,83,7.99,0.88,1.15,847.1,1.65,0.306,21.4,0.19,0.797,885.5,34.8,305.3
DH-005,42,44,9.89,1.94,351.2,7.94,3.35,1.07,272.6,3.37,0.048,613.8,6.63,0.169,1413.4,50.8,9.4
DH-005,44,46,14.86,4.07,365.3,8.6,0.87,0.18,1851,1.84,0.047,502.8,6.43,0.512,278.1,60.9,416.6
DH-005,46,48,7.42,4.94,1387.3,7.85,4.9,0.17,2091.1,2.39,0.476,612.2,0.93,0.888,718,76.4,398.5
DH-005,48,50,11.72,0.84,73.9,6.64,1.79,2.51,432,1.13,0.156,40.8,4.66,0.947,155.3,161.4,27.8
DH-005,50,52,12.62,3.01,181.9,2.18,3.47,0.89,1213.1,2.72,0.055,671.3,3.77,0.186,946,151,224.1
DH-005,52,54,7.38,1.97,1980.8,1.29,5.34,1.6,1423.1,2.72,0.304,499.4,1.04,0.05,834.8,174.6,587.5
DH-005,54,56,12.28,4.85,286,9.29,4.08,0.97,1170.3,1.85,0.316,455.1,7.85,0.869,622.9,91.9,255.3
DH-005,56,58,8.68,4.23,1319.2,6.55,3.43,2.83,451,3.42,0.328,503.4,1.8,0.46,791.6,206.4,303.7
DH-005,58,60,11.32,4.21,376.5,8.17,2.28,0.85,1314.9,0.48,0.141,692.9,0.63,0.343,1346.9,52.6,546.4
DH-005,60,62,11.34,2.4,175.7,5.33,2.33,1.35,2278.4,0.11,0.017,473.7,4.8,0.065,310.5,118.3,431.8
DH-005,62,64,10.36,2.13,384.3,2.06,4.18,2.63,305.9,2.71,0.483,469,5.94,0.671,53.4,200.6,351.3
DH-005,64,66,5.9,1.44,1587.3,2.13,5.97,2.54,332.5,2.83,0.133,792.6,0.36,1.029,1295.3,46.7,479.7
DH-006,0,2,13.35,0.38,2373,7.17,4.14,0.64,1128.8,0.46,0.341,607.8,5.3,1.151,874.1,29.2,519.3
DH-006,2,4,8.21,4.34,2177.9,4.87,3.57,2.43,2831,0.97,0.356,359.4,4.31,0.701,1338.2,221.2,276.8
DH-006,4,6,6.87,4.08,657.4,2.8,4.52,1.43,2038.9,0.11,0.309,568.8,0.92,0.642,903.5,87,287.7
DH-006,6,8,5.41,5,1373.5,5.42,3.06,1.5,2068.1,1.06,0.163,317.5,1.46,0.148,1219,171.6,234.7
DH-006,8,10,10.91,4.98,325.3,1.58,0.83,0.49,1149.6,2.72,0.143,190.8,4.59,0.681,655.9,8.3,580.2
DH-006,10,12,11.78,2.82,466.3,6.24,3.59,0.33,1821.6,1.84,0.303,481.5,2.44,0.487,1129.8,173.1,419.8
DH-006,12,14,5.17,3.87,2769.9,3.42,5.77,2.21,129.4,1.25,0.434,743.3,7.51,0.748,1371.3,80.4,54.5
DH-006,14,16,10.12,4.73,65.7,8.18,1.46,1.54,1944.7,1.33,0.474,744,6.57,0.497,866.7,15.8,518.5
DH-006,16,18,7.26,4.26,157.3,3.79,4.3,1.37,2748.5,0.05,0.062,280.1,7.87,0.326,287.6,153.2,290.9
DH-006,18,20,11.45,1.31,329.7,5.1,1.61,2.22,1876.5,1.08,0.086,426.9,2.15,0.159,417.8,61.7,45.9
DH-006,20,22,6.74,2.31,82.3,1.1,3.45,2.32,2633.7,2.28,0.473,177.2,7.76,0.412,314,97.9,332.1
DH-006,22,24,11.91,0.73,290.2,1.65,1.03,0.56,2199.5,3.41,0.371,796.5,3.51,0.161,385.3,22,253.2
DH-006,24,26,8.87,4.77,1099.7,4.53,2.98,1.87,449.6,2.97,0.443,785.1,2.85,0.253,473.5,38.5,527.3
DH-006,26,28,14.37,3.07,706.6,5.32,4.66,0.49,2717.1,0.13,0.109,523.1,0.5,1.185,841.6,75.9,126.4
DH-006,28,30,6.38,1.22,2728.2,6.4,2.41,2.28,292.7,3.15,0.298,645.5,0.52,0.561,890.2,24.3,496.7
DH-006,30,32,8.41,3.39,2090.8,3.62,4.16,2.01,1648.5,2.75,0.354,574.9,5.57,0.662,651.2,227.9,336.8
DH-006,32,34,6.13,3.13,551.9,7.25,4.87,2.87,512.2,2.74,0.343,478.6,3.72,1.055,930.8,3.5,37.5
DH-006,34,36,14.25,1.85,410.4,8.74,5.6,0.3,133.9,1.63,0.21,52.1,1.89,1.195,140.7,122,583.2
DH-006,36,38,13.77,0.66,623,8.02,1.79,0.27,1323.9,1.42,0.018,369.3,4.95,0.72,149.9,32.6,310
DH-006,38,40,7.58,3.39,1120.8,1.36,2.7,0.92,955.6,1.1,0.296,543.1,2.1,0.984,274.3,78.3,178.1
DH-006,40,42,11.6,2.65,424.5,5.32,1.34,0.86,1509.4,0.28,0.134,545.2,4.66,0.426,786.8,231.7,284.3
DH-006,42,44,13.17,3.88,1224.3,1.94,5.96,0.82,1773.9,0.84,0.231,304.8,2.94,0.402,336.7,42.1,515.4
DH-006,44,46,10.55,2.65,682,3.18,5.6,2.73,226.8,0.9,0.479,753.9,6.61,0.513,439.3,241.5,186.4
DH-006,46,48,10.3,4.28,1013.7,9.88,3.47,0.82,456.7,1.72,0.206,142.2,6.58,0.823,612.5,53,119.6
DH-006,48,50,7.42,2.8,737.5,2.28,5.13,0.89,1720.1,2.63,0.422,405.3,3.87,0.835,1221.6,185.9,81.8
DH-006,50,52,5.93,2.85,468.6,5.49,3.37,2.3,1095.2,1.68,0.102,555.8,2.87,0.413,40.5,137.6,182.2
DH-006,52,54,13.97,4.4,3608.3,6.56,3.93,1.4,2214.6,0.25,0.34,560.7,2.96,0.203,981.1,221.4,469.1
DH-006,54,56,14,2.08,1780.7,7.32,0.99,2.35,1991.6,3.35,0.489,522.4,6.47,0.777,1009.9,139.4,285.6
DH-006,56,58,11.33,0.76,231.1,6.04,4.65,0.29,2552.3,3.3,0.06,227.5,2.69,0.198,1202,134.6,140.4
DH-006,58,60,8.39,0.24,2484.2,1.09,1.2,1.51,2108.2,2.76,0.014,133.4,1.75,0.715,1400.5,50.5,103.9
DH-006,60,62,8.49,3.8,852,3.94,5.04,0.2,1346.8,3.47,0.222,512.4,0.77,0.847,49.8,43.2,203
DH-006,62,64,12.26,3.14,2749.4,5.66,4.8,0.28,2051.6,1.93,0.055,483.4,3.79,0.856,247.6,229.3,564.3
DH-006,64,66,13.97,3.55,1980.5,1.79,4.4,2.73,898.6,3.37,0.377,151.7,3.91,0.916,1331.5,83.3,209.1
DH-007,0,2,13.87,1.14,714.5,4.16,0.7,0.5,988.3,0.31,0.458,567.1,6.74,1.054,698.6,94.3,592.9
DH-007,2,4,12.8,0.77,77.3,1.3,2.17,1.64,2388.1,1.31,0.223,369.6,1.85,0.625,855.6,190.4,293.7
DH-007,4,6,11.42,0.17,425.5,1.71,1.95,1.29,1394.6,0.83,0.137,537.5,3.11,0.89,1001.3,86,111.6
DH-007,6,8,5.84,1.82,986.1,4.57,2.48,1.11,2415.3,0.73,0.223,671.5,6.49,0.762,1025,238.1,535.2
DH-007,8,10,6.62,2.99,1254.4,2.19,0.98,2.71,2485,0.54,0.364,144.1,6.61,0.265,1399,185,278.9
DH-007,10,12,13.99,2.02,407.9,6.11,5.65,0.16,2586.9,2.2,0.014,25.1,3.14,0.08,1495.5,150.2,427.3
DH-007,12,14,11.06,2.24,230.1,7.21,3.55,2.02,2758.2,2.75,0.299,625.5,3.73,0.377,1085.8,220.5,590.3
DH-007,14,16,5.09,4.53,2211.7,8.21,2.18,2.89,1349.9,2.05,0.311,491.7,2.5,0.559,445.1,14.3,34.9
DH-007,16,18,6.01,1.81,5042.7,2.8,2.68,1.72,1024.7,0.56,0.322,562.7,7.47,0.76,1322,65.8,62.5
DH-007,18,20,11.64,2.62,945.1,2.51,2.96,2.82,1788.4,2.85,0.129,672.1,1.04,1.027,92.8,117.3,433.7
DH-007,20,22,5.05,3.94,276,1.94,3.8,0.25,1176.4,2.24,0.36,644.2,7.48,0.276,362,58.3,172.7
DH-007,22,24,6.61,2.04,431.5,6.73,3.34,1.31,1843.1,1.39,0.055,769.1,5.5,0.194,1348.1,186.5,114.7
DH-007,24,26,10.49,3.15,72.3,7.36,5.56,0.85,2146.2,2.38,0.108,433.4,4.3,1.158,399.2,230,28.4
DH-007,26,28,11.92,4.33,2998.3,1.28,3.23,2.22,2096.4,0.95,0.44,395.9,0.36,0.174,346.6,107.1,18
DH-007,28,30,11.52,4.75,200.3,9.43,5.96,2.95,1186.2,1.24,0.372,327.5,3.86,0.6,224.4,86.8,465.8
DH-007,30,32,7.24,0.82,1081.1,1.47,5.18,0.84,583.9,3.22,0.017,131.4,3.32,0.723,1291.5,240.5,85
DH-007,32,34,12.12,4.64,434.3,5.87,1.65,2,1348.5,1.05,0.132,462.4,1.37,0.673,760.1,112.3,283.3
DH-007,34,36,7.37,2.51,1019.4,7.38,5.62,0.67,513.5,1.67,0.115,228.8,5.29,0.149,1018.8,123.3,365.5
DH-007,36,38,8.25,1.37,1314.7,8.84,1.14,1.74,2681.3,3.12,0.143,737.8,7.77,0.116,373.8,89.2,259.9
DH-007,38,40,12.46,2.35,2174.5,7.43,5,1.45,1103,2.49,0.131,470.7,4.54,0.171,1141.9,227.6,21.1
DH-007,40,42,11.5,4.9,327.4,8.22,2.59,2.92,547.9,0.26,0.041,478.3,5.75,0.723,1144.8,143.1,471.2
DH-007,42,44,13.49,2.51,63.3,4.06,5.33,1.86,173.8,0.56,0.235,290.4,0.64,0.676,482.6,191,11.3
DH-007,44,46,11.58,1.71,226.6,8.33,5.27,1.11,1972.9,0.08,0.369,51.1,3.4,0.319,627.8,203.3,458.3
DH-007,46,48,10.68,3.2,2813.3,1.72,4.93,0.43,1947,2.23,0.307,35.1,1.02,0.783,330.3,86.8,536.5
DH-007,48,50,5.94,1.28,2534.7,9.05,4.85,0.54,1087.8,1.59,0.34,344.4,4.94,0.993,1465.3,109.6,262.5
DH-007,50,52,8.68,0.47,1141.8,5.93,2.18,0.75,308,0.51,0.05,76.8,7.51,0.098,975.5,212.4,323.6
DH-007,52,54,7.65,0.73,1151.1,8.36,0.95,0.83,1287.9,3.35,0.476,489.4,5.33,0.623,1403.1,92.1,288.8
DH-007,54,56,7.44,0.73,1362.5,5.07,2.72,2.57,1002.5,1.88,0.421,706,0.71,0.843,469,198.9,236.6
DH-007,56,58,14.73,0.84,281.4,6.79,1.45,1.73,2063.6,0.88,0.404,707.5,2.9,0.34,1177.2,235.4,533
DH-007,58,60,8.93,0.78,2999.9,5.74,4.32,1.62,1856.8,1.78,0.413,530.6,4.45,0.404,1153.5,156.6,536.9
DH-007,60,62,13.92,3.24,701.1,7.58,2.4,0.43,1157.3,2.39,0.467,176.9,3.29,0.756,1043.7,185.9,204.8
DH-007,62,64,11.31,0.99,629.7,1.73,5.87,2.59,731.9,0.31,0.277,691.8,6.69,1.083,1449.1,201.7,371
DH-007,64,66,12.95,1.79,928.1,1.54,4.03,2.2,2965.3,1,0.108,710,6.54,0.981,602.5,211.6,556.5
DH-008,0,2,10.03,4.49,107.7,3.22,5.02,0.3,1416.6,2.83,0.312,165.4,4.93,0.721,213.5,100,577.4
DH-008,2,4,10.77,2.42,268.2,2.44,1.23,2.15,2096,1.64,0.374,592.6,3.05,0.89,1014.1,14.7,307.8
DH-008,4,6,9.93,3.37,1657.4,8.85,5.24,1.68,507.6,1.94,0.372,236.4,2.12,0.47,1099.4,101.7,274.4
DH-008,6,8,6.95,0.94,153.7,2.97,5.58,0.34,1508.2,1.54,0.266,644.1,0.94,0.787,871.1,169.1,170.8
DH-008,8,10,12.22,1.04,1159,9.78,3.18,1.43,179.9,0.2,0.044,797.8,2.9,0.586,326.1,113.7,575.5
DH-008,10,12,7.81,0.3,387.8,4.03,3.83,1.51,1565.8,0.62,0.192,33.7,3.36,0.268,766.6,187.7,90
DH-008,12,14,5.24,0.93,641.8,2.64,4.71,0.58,2895.7,1.59,0.461,718.9,5.44,0.857,482,90.5,350
DH-008,14,16,11.45,1.47,458.8,8.11,1.46,2.84,1214.2,0.77,0.296,501.9,5.3,0.69,652.7,159.4,173.1
DH-008,16,18,6.77,0.97,577.5,6.93,3.26,2.56,213.1,0.22,0.274,779,0.65,0.462,974.9,48.2,171
DH-008,18,20,14.4,0.53,1573.5,5.48,2.69,2.04,189.8,2.96,0.142,377.4,3.22,1.098,1122.9,187.8,246
DH-008,20,22,14.54,0.69,473.1,6,1.31,1.44,1225.2,3.44,0.191,679.4,1.54,0.074,363.7,137.3,599.3
DH-008,22,24,14.15,2.36,1052.8,7.47,2.52,1.29,564.1,2.79,0.449,59.3,1.34,0.413,619.9,52.6,37.7
DH-008,24,26,8.7,1.11,825.6,3.06,0.87,1.99,167.7,3,0.337,274.9,6.64,0.115,418.4,74.4,349.2
DH-008,26,28,5.15,1.88,1357.6,9.97,0.64,1.68,2293,0.88,0.396,62.9,0.43,0.932,314,187.7,54.1
DH-008,28,30,14.28,2.57,3364.3,9.77,1.24,0.28,1429.7,3.36,0.233,780.5,3.41,0.857,1179.4,121.7,96.9
DH-008,30,32,9.28,3.48,1632.7,6.85,5.8,1.59,938.8,0.73,0.319,655.4,1.43,0.431,1365.7,55.6,266.5
DH-008,32,34,14.67,0.29,340.4,2.8,3.52,2.44,2710.2,3.33,0.132,683.5,7.05,0.827,567.9,241.9,308.7
DH-008,34,36,14.64,4.02,88,7.12,5.81,1.43,436.8,3.48,0.356,751,4.5,0.505,1131.9,179.4,159
DH-008,36,38,13.53,3.18,415,1.65,2.88,0.25,2872.2,2.51,0.22,77.2,1.93,0.92,1347.6,239.4,193.3
DH-008,38,40,7.94,0.5,1134.9,1.28,2.21,2.38,1010.5,3.43,0.227,314.6,4.07,0.572,1272.3,107.9,56.7
DH-008,40,42,8.85,4.38,113.4,3.32,3.28,0.68,2676.4,2.01,0.328,66.1,5.88,0.524,290.6,119.8,185.4
DH-008,42,44,13.51,4.61,873.1,5.16,2.92,0.85,1848.5,0.95,0.469,176.5,7.67,1.125,1435.3,224.7,580.1
DH-008,44,46,8.17,0.4,1140.1,8.81,1.08,0.58,2497.5,1.56,0.041,191.2,1.84,0.339,577.5,132.2,567.1
DH-008,46,48,6.69,1.46,538.2,7.54,4.02,1.06,2953.6,2.1,0.414,380.6,7.1,0.189,522.1,177.4,204.3
DH-008,48,50,10.57,4.05,1818.4,7.68,1.69,2.29,936.4,0.3,0.153,222.2,7.48,0.722,112.4,64.5,344.7
DH-008,50,52,14.36,3.77,185.3,4.83,3.91,1.61,2887.3,2.2,0.228,89.8,7.34,1.165,739.5,112.8,546.2
DH-008,52,54,11.96,1,143.7,4.11,4.08,0.69,1229.5,3.44,0.021,142.3,5.12,0.485,181.3,32.6,8.7
DH-008,54,56,10.7,1.13,1613.2,4.34,1.34,2.65,1218,0.71,0.158,126.3,5.08,0.121,387.8,53.1,487.4
DH-008,56,58,5.97,1.92,871,9.89,0.84,2.65,1087.1,2.78,0.256,778.7,3.29,0.44,489.1,2.2,569.3
DH-008,58,60,11.15,2.47,1449.3,1.36,4.79,2.62,1670.1,3.18,0.038,609.8,6.04,0.632,1217.1,11.7,59.3
DH-008,60,62,14.9,3.13,734.7,8.8,3.03,0.79,547,3.31,0.251,774.5,4.3,0.236,1315.7,244.4,101.1
DH-008,62,64,6.4,1.91,389.5,6.21,0.82,1.41,1705.8,3.36,0.464,357.4,5.45,0.807,467.7,62.1,576.6
DH-008,64,66,10.18,2.37,2101.8,4.95,5.97,2.96,1670.9,1.85,0.062,229.9,3.48,1.197,1290.9,166.5,324.8
DH-009,0,2,13.77,3.76,1977.8,7.53,0.82,2.34,2309.5,3.42,0.385,640.7,5.88,0.57,1288.7,210.1,13.4
DH-009,2,4,12.41,0.28,1473.7,5.38,4.32,0.18,2517.6,2.66,0.211,267.7,6.61,0.458,1151.7,138.6,158.3
DH-009,4,6,11.97,1.34,431.2,8.86,5.91,0.29,1377.3,0.61,0.331,246.5,1.26,0.511,237.1,40,272.7
DH-009,6,8,12.02,3.6,1120.6,9.11,1.82,1.45,976.8,1.7,0.138,193.7,6.68,0.182,1041.7,182.6,417.3
DH-009,8,10,8.59,4.49,587.4,4.8,1.28,2.74,852.1,2.53,0.088,112.4,4.37,1.066,1418.6,150.9,441.2
DH-009,10,12,7.94,2.61,165.3,3.49,1.17,1.66,664.4,0.9,0.089,212.6,6.77,0.527,1030.2,183.4,597.3
DH-009,12,14,13.09,2.71,3041.2,6.33,2.17,1.54,267.2,2.26,0.045,290.7,3.51,0.495,510.8,192.9,176.1
DH-009,14,16,13.1,0.63,226.6,9.21,1.06,0.41,1093.1,2.35,0.101,542.5,3.09,0.809,760.9,243.9,325.2
DH-009,16,18,13.67,2.29,3650.6,2.9,4.31,2,883.7,0.61,0.335,59.4,7.33,0.558,975.7,144.2,322.3
DH-009,18,20,14.13,2.71,758.7,6.61,0.84,2.48,2902.6,2,0.442,176.3,2.08,0.795,775.6,86.7,246.4
DH-009,20,22,10.11,1.29,295.7,6.68,3.3,1.2,1717.4,2.71,0.409,649.1,6.77,0.121,197.5,162.8,105.7
DH-009,22,24,10.02,1.42,986.8,7.6,5.98,2.35,1107.1,1.77,0.346,126.1,3.92,0.986,481.9,19,586.6
DH-009,24,26,12.98,1.95,2525.8,2.18,4.98,2.9,1783.4,0.09,0.064,280.7,4.16,1.132,1207.5,224.6,512.7
DH-009,26,28,11.5,0.2,1631.1,7.44,3.88,0.69,503.7,0.08,0.152,693.1,2.54,0.796,1294.9,31.6,301.5
DH-009,28,30,12.02,1.68,2021.4,9.18,2.18,1.62,1387.7,1.28,0.162,132.4,4.63,1.148,223.2,83.3,363.9
DH-009,30,32,12.96,1.14,1340.3,2.62,3.93,0.93,1916.1,3.25,0.132,75.4,2.67,0.224,1429.5,204.3,140.2
DH-009,32,34,13.9,1.7,1464.3,3.14,3.4,2.4,1517.8,0.84,0.262,392.8,0.41,0.599,506.7,150.1,328.6
DH-009,34,36,8.38,0.69,2320.1,9.74,2.84,1.78,1265.2,2.24,0.272,248.9,2.25,0.742,1000.2,99.6,418.5
DH-009,36,38,8.76,4.46,394.7,2.63,1.22,1.94,2982.2,0.82,0.185,455.1,0.15,0.719,1132.7,119.4,311.5
DH-009,38,40,5.94,3.01,856.7,8.69,5.38,2.41,2652.9,1.16,0.183,645,7.83,0.512,1221.7,213.9,594.2
DH-009,40,42,10.78,3.43,350,5.43,2.97,1.25,1907.9,2.98,0.416,118.3,7.73,0.439,1419.7,86.3,368.7
DH-009,42,44,5.36,3.97,5324.7,3.23,1.57,2.75,1751.2,2.56,0.397,468.8,3.22,0.196,483.1,217.7,225.7
DH-009,44,46,9.66,2.54,3510.2,8.84,2.52,1.65,1899.9,0.38,0.161,409.4,5.85,0.501,1290.6,23.9,464.4
DH-009,46,48,10.43,0.53,98.3,5.01,2.78,0.56,683.8,1.53,0.458,123.8,2.83,0.237,214.9,194.6,106.4
DH-009,48,50,7.87,2.73,1517.3,5.63,5.05,2.12,1245.9,0.15,0.477,503,5.4,0.895,1063.5,212.2,233.8
DH-009,50,52,10.91,2.98,3162.3,4.23,4.53,2.4,214.4,1.71,0.17,226.2,6.46,0.29,1118.1,47.1,211.4
DH-009,52,54,5.31,3.75,289,6.34,4.73,1.02,1479.1,2.34,0.184,395.4,7.58,0.117,1023,108.7,261.9
DH-009,54,56,5.37,2.22,1057,2.47,0.56,2.59,1674.8,0.46,0.258,75,3.26,0.685,393.4,43,470.2
DH-009,56,58,13.23,0.73,3015,4.52,2.79,2.73,760.5,1.05,0.471,373.1,6.29,0.735,1312.1,177.2,293.1
DH-009,58,60,8.6,1.49,91.4,9.72,3.15,0.9,2895.7,1.42,0.439,252.1,2.2,1.053,269.9,134.8,477.4
DH-009,60,62,6.27,1.88,1484.5,3.32,0.61,2.95,2737.4,3.22,0.06,659.7,7.92,0.714,99.4,159.6,348
DH-009,62,64,10.22,3.26,473.5,6.91,1.93,0.51,2194.2,3.48,0.202,55,0.3,0.447,1081.8,50.7,208.5
DH-009,64,66,12.7,2.9,3148.7,3.93,4.68,0.69,1646.8,0.2,0.281,340.7,4.87,0.973,723.7,54.5,486.9
DH-010,0,2,7.16,1.84,4301,7.96,1.25,0.63,2622.9,2.68,0.257,372.2,5.31,0.671,1276.7,12.3,146.8
DH-010,2,4,11.23,4.93,3514.6,2.18,3.44,2.69,478.9,1.33,0.105,582.8,5.54,0.141,587.4,81.9,138.5
DH-010,4,6,5.85,3.07,821.4,9.73,1.68,2,2392.5,1.4,0.431,463.7,1.05,0.701,269.1,140.8,305.2
DH-010,6,8,5.52,1.26,2427,5.08,0.57,0.54,462,2.65,0.342,537.1,7.51,1.094,1257.9,214.8,160.2
DH-010,8,10,10.31,0.6,2283.7,3.12,1.83,1.38,2403.2,3.22,0.421,623.9,1.53,0.506,832.4,167.4,10.4
DH-010,10,12,10.41,0.85,511.2,1.66,5.87,1.88,899.7,3.33,0.431,691.1,5.02,0.391,300,110,390.7
DH-010,12,14,11.37,1.31,2168.7,2.53,4.91,0.34,2643.6,2.04,0.377,258,1.86,0.215,1086.2,238.4,309.1
DH-010,14,16,12.26,0.89,95.3,5.68,5.78,2.66,2837.7,1.28,0.225,435,2.53,0.224,776.4,180.4,270.1
DH-010,16,18,14.76,1.01,1138.4,4.03,3.18,2.43,531.5,2.77,0.309,673.7,4.42,0.548,914.4,232.7,580.3
DH-010,18,20,10.16,1.5,363.7,8.46,1.1,1.57,1441.8,0.92,0.089,791.7,3.4,0.735,702.1,132.8,344.9
DH-010,20,22,8.23,0.95,204.2,4.88,3.51,2.9,2944.9,2,0.34,712.7,1.37,0.143,1246.5,66.2,518.7
DH-010,22,24,12.95,4.49,146.1,3.24,3,1.31,1501.9,1.29,0.098,303.5,1.45,1.131,1247.8,15.1,88
DH-010,24,26,7.71,0.49,1480,6.55,5.14,2.95,2604.3,2.32,0.35,164.2,3.4,0.918,1069.9,182.1,343.7
DH-010,26,28,9.39,2.67,548.4,7.36,1.04,2.04,1807.3,0.88,0.123,396.6,6.08,0.725,176,32.1,521.4
DH-010,28,30,5.78,2.11,1598.2,2.5,3.19,1.94,1188.5,0.71,0.068,595.9,7.19,1.003,1261.5,77.1,351.9
DH-010,30,32,5.25,4.91,131.1,2.51,1.33,0.58,928.8,3.22,0.091,399.1,0.76,0.142,1013.1,134.1,432.2
DH-010,32,34,14.63,0.65,504.5,1.33,2.29,2.66,689.3,0.4,0.011,391.7,3.21,0.598,1051.6,142,226.4
DH-010,34,36,13.36,2.05,980.5,7.63,4.56,1.34,2309.2,1.8,0.362,672.2,0.89,0.775,557.2,150.9,60
DH-010,36,38,11.96,4.85,1926.9,6.97,3.12,0.57,1221,0.81,0.369,295.5,0.23,1.003,1321.3,43.2,277.5
DH-010,38,40,9.09,4.34,510.6,5.27,2.57,0.14,1582.7,0.18,0.262,689.2,5.33,0.951,1093.5,96.2,239.7
DH-010,40,42,6.73,4.1,1229.9,8.6,2.67,1.72,1527.7,0.17,0.089,331.4,4.86,0.369,186.6,155.1,520.9
DH-010,42,44,6.56,1.36,2655.6,8.25,3.03,1.63,1774.1,0.65,0.051,269.3,1.39,1.132,623.5,242.5,150.2
DH-010,44,46,7.5,0.94,1198.1,6.27,4.82,2.19,2610.2,3.04,0.019,368.7,1.95,0.193,1331.8,182.5,580.2
DH-010,46,48,10.49,3.38,368.3,8.81,5.41,2.68,2944.1,1.02,0.091,612.3,0.29,1.056,89.9,230.8,575.1
DH-010,48,50,12.15,4.65,79.6,2.85,5.75,0.33,1282,3.33,0.447,109.5,6.7,1.167,1442.9,191,152.3
DH-010,50,52,11.6,2.83,2499.2,2.01,4.83,2.22,2499.8,2.06,0.128,165.2,7.8,0.254,1025.2,148.7,212.1
DH-010,52,54,7.8,2.9,75.8,3.43,2.23,0.64,2317.1,1.56,0.184,761.6,1.17,0.88,954.4,49.6,537.9
DH-010,54,56,14.55,1.47,2542.5,1.51,4.28,2.59,1763.2,2.05,0.062,148.6,1.93,0.096,420.4,167.3,580.1
DH-010,56,58,12.38,3.87,953.3,5.78,2.91,2.48,2872.5,1.83,0.119,458.5,6.96,0.516,388.2,156.6,268.8
DH-010,58,60,10.54,1.02,3407.6,9.43,1.9,1.67,681.4,2.67,0.264,467.7,7.42,0.644,1414.2,151.4,196
DH-010,60,62,11.12,1.69,1974,1.35,5.12,2.16,416.9,1.02,0.308,396.8,3.42,0.718,461.4,123.5,318
DH-010,62,64,9.2,2.18,7468.6,2.1,0.71,1.01,2576.5,1.27,0.13,519.3,0.5,1.126,1167.7,133.1,414.2
DH-010,64,66,7.48,2.59,568.3,5.07,5.46,1.47,1373.5,3.13,0.038,191.6,0.41,0.823,601.8,84.9,167.7
DH-011,0,2,8.56,1.29,1799,9.4,3.04,2.48,2556.2,3.32,0.202,446.6,4.63,0.603,226.1,130.8,443.2
DH-011,2,4,12.58,0.66,666.9,3.85,4,1.43,2690,3.13,0.125,304,3.2,0.981,35.9,51,35.7
DH-011,4,6,5.14,3.09,834.4,5.57,4.13,1.14,281.1,1.5,0.118,532.7,0.33,1.143,825.5,201.7,34.3
DH-011,6,8,6.16,1.51,1235,1.37,5.42,1.53,2662,2.74,0.48,121.6,4.71,0.075,1464.2,48.1,234.8
DH-011,8,10,5.46,2.95,2532.7,2.34,4,2.5,1400.1,1.69,0.312,461,0.19,1.18,566.3,23.1,215.3
DH-011,10,12,5.41,0.86,5018.5,9.88,3.88,1.07,1580.3,1.77,0.283,156.4,6.32,0.149,548.6,110.2,192.8
DH-011,12,14,13.55,2.46,1804.6,9.69,0.87,0.6,1917.1,0.76,0.214,230.1,2.52,0.987,529.3,165.3,297.2
DH-011,14,16,12.04,2.71,699.1,1.04,3.35,2.16,2786.5,2.09,0.22,182.8,0.42,0.372,790.4,110.6,195.8
DH-011,16,18,9.74,0.35,706.5,9.57,1.33,2.5,155.4,0.69,0.275,154.4,4.75,0.202,672.2,70.6,119.4
DH-011,18,20,5.98,1.75,1655.4,6.75,4.56,0.39,1482.8,1.19,0.351,662.3,3.24,0.556,1322.3,140.4,189.1
DH-011,20,22,9.92,0.76,377.4,8.81,3.32,0.8,2094.4,3,0.354,235.7,7.79,0.791,768.2,88.1,585.1
DH-011,22,24,9.73,0.41,190.5,5.09,4.24,0.51,2195.9,0.76,0.094,742.4,4.4,0.488,771.5,233.4,249.6
DH-011,24,26,6.73,4.95,575.5,5.64,0.73,1.11,2108.3,0.3,0.255,776.2,2.27,0.113,224.8,230.8,269.6
DH-011,26,28,9.34,1.68,456.3,5.4,0.97,1.41,489.9,0.29,0.212,461.3,5.7,0.739,1474.5,126.6,348
DH-011,28,30,8.99,4.07,471.7,7,4.44,2.27,968.2,3.3,0.437,123,2.24,1.088,390,83.3,590.1
DH-011,30,32,11.16,1.35,369.3,2.26,0.9,1.99,1140.3,1.8,0.319,305.9,7.24,0.491,128.6,184.8,148.8
DH-011,32,34,11.35,3.44,101.6,1.27,0.89,1.9,2432.9,1.46,0.271,640.2,3.06,0.299,1001.5,11.1,410.4
DH-011,34,36,5.45,3.83,71.6,3.77,0.57,1.12,908.4,2.85,0.067,300.2,4.44,0.559,901.1,119.7,431
DH-011,36,38,8.75,3.02,5330,7.34,5.76,2.54,711,2.93,0.307,78.7,0.5,0.106,634.4,85.4,366.4
DH-011,38,40,11.26,2.41,719.9,2.82,4.56,1.47,2876.6,1.2,0.067,449.9,3.47,0.994,644.8,230.3,57.7
DH-011,40,42,10.03,2.12,632,7.06,2.44,2.94,125.7,2.44,0.175,677.6,6.68,1,1181.9,5,407.7
DH-011,42,44,13.56,1.81,1416,9.73,2.13,1.94,2993.7,2.71,0.08,638.8,6.46,0.726,309.7,139.1,43.1
DH-011,44,46,11.59,4.65,345.5,1.85,2.42,0.47,2062.8,2.31,0.349,148.3,1.87,0.456,1234,185.7,359.7
DH-011,46,48,6.63,4.17,3643.9,7.05,4.76,2.06,2502.6,0.57,0.111,541.5,1.89,0.97,980.1,122.3,445.1
DH-011,48,50,5.71,4.83,1902.1,4.99,4.14,1.04,954.4,3.07,0.202,184.2,6.56,0.688,640.1,23.2,130.5
DH-011,50,52,11.42,0.71,162.4,8.81,1.52,2.09,141.5,1.91,0.449,182.4,7.45,1,697.9,243.2,505.8
DH-011,52,54,5.27,3.68,698.7,2.59,1.46,0.3,2239.8,1.02,0.11,700.5,0.85,0.776,399.8,130.5,23.1
DH-011,54,56,10.86,4.7,2585.5,7.23,1.04,0.61,2519,1.52,0.259,207.2,3.66,0.952,1133.1,154.3,507.1
DH-011,56,58,14.4,0.99,3524.7,8.54,4.13,2.58,2247.4,0.18,0.215,218,2.77,0.738,779.1,60.7,278.9
DH-011,58,60,10.75,0.43,806,9.5,4.7,0.76,514.3,0.49,0.019,10.5,6.98,0.526,494.9,121.9,134.5
DH-011,60,62,8.88,3.73,1190.5,7.15,1.96,2.53,2284.9,2.69,0.398,697.8,0.76,1.152,902.2,108.4,84.6
DH-011,62,64,11.43,2.91,269.3,5.47,0.62,0.91,2329.9,0.05,0.044,636.1,1.77,0.672,1493.7,20.6,572.2
DH-011,64,66,9.58,4.22,5725.3,6.56,0.95,1.96,2009.8,1.49,0.242,505.6,6.04,0.746,664.2,28.3,48.2
